file_name,label,mean_frequency,flatness_score,rms_energy,behavior,danger_level
Lion_1.wav,Aslan,3166.955500062881,0.06114864,0.055282537,Aggressive,High
Lion_10.wav,Aslan,850.6771619374641,1.3742417e-06,0.11865739,Passive,Low
Lion_11.wav,Aslan,1395.8341482816672,0.0068138144,0.21741132,Passive,Low
Lion_12.wav,Aslan,635.4048258714189,1.6284346e-06,0.07226507,Passive,Low
Lion_13.wav,Aslan,1605.6268620298913,4.081684e-05,0.06984172,Passive,Low
Lion_14.wav,Aslan,967.0303097934395,4.592679e-05,0.19556081,Passive,Low
Lion_15.wav,Aslan,1605.6268620298913,4.081684e-05,0.06984172,Passive,Low
Lion_16.wav,Aslan,1033.9819506217225,0.0001104109,0.15658697,Passive,Low
Lion_17.wav,Aslan,1302.9531918812822,1.5485208e-05,0.13354376,Passive,Low
Lion_18.wav,Aslan,941.4631241878393,0.0012777246,0.1670971,Passive,Low
Lion_19.wav,Aslan,1184.6783067182525,0.0054388116,0.26551446,Passive,Low
Lion_2.wav,Aslan,537.4004225436745,1.5321676e-06,0.047641452,Passive,Low
Lion_20.wav,Aslan,635.4048258714189,1.6284346e-06,0.07226507,Passive,Low
Lion_21.wav,Aslan,1214.5849030946083,0.0040201307,0.23737282,Passive,Low
Lion_22.wav,Aslan,887.9127233978611,0.00022522359,0.2015394,Passive,Low
Lion_23.wav,Aslan,1238.853868006076,0.021440607,0.13110603,Passive,Low
Lion_24.wav,Aslan,1396.5790599515828,0.00013759364,0.116687626,Passive,Low
Lion_25.wav,Aslan,1825.3686882880106,0.018439809,0.0535021,Passive,Low
Lion_26.wav,Aslan,2893.5299292757095,0.055155847,0.1558318,Aggressive,High
Lion_27.wav,Aslan,1125.6048459761475,0.0030201252,0.20147343,Passive,Low
Lion_28.wav,Aslan,1025.9737215071598,1.5611387e-06,0.06450587,Passive,Low
Lion_29.wav,Aslan,1631.2471471976435,5.3513017e-05,0.07065174,Passive,Low
Lion_3.wav,Aslan,1113.6906979151336,0.0015431858,0.11490864,Passive,Low
Lion_30.wav,Aslan,970.7027692013445,4.86452e-05,0.19828853,Passive,Low
Lion_31.wav,Aslan,1133.479123081482,0.10393559,0.19932735,Aggressive,High
Lion_32.wav,Aslan,639.7090971579638,4.314226e-05,0.17828315,Passive,Low
Lion_33.wav,Aslan,628.8339386479936,1.4129128e-05,0.1698995,Passive,Low
Lion_34.wav,Aslan,659.4444918074822,4.22666e-05,0.26301283,Passive,Low
Lion_35.wav,Aslan,1392.1012366833975,3.364685e-05,0.13953844,Passive,Low
Lion_36.wav,Aslan,3304.3112028617943,0.07954424,0.039692692,Aggressive,High
Lion_37.wav,Aslan,1488.2331874282559,0.014034272,0.03440511,Passive,Low
Lion_38.wav,Aslan,2553.4029240367113,0.0218441,0.05094418,Passive,Low
Lion_39.wav,Aslan,1861.4226042136347,0.026414016,0.027271992,Passive,Low
Lion_4.wav,Aslan,830.3995204471015,2.1952981e-05,0.19314177,Passive,Low
Lion_40.wav,Aslan,1154.7037870639062,2.2631111e-05,0.06209609,Passive,Low
Lion_41.wav,Aslan,1701.6465927315328,0.015117837,0.023863677,Passive,Low
Lion_42.wav,Aslan,770.5482064263513,1.1943245e-06,0.0507296,Passive,Low
Lion_43.wav,Aslan,1790.5401502369132,0.011815415,0.19449385,Passive,Low
Lion_44.wav,Aslan,668.2741974608809,1.5706838e-06,0.047072224,Passive,Low
Lion_45.wav,Aslan,766.2751396901073,1.0810852e-06,0.07865198,Passive,Low
Lion_46.wav,Aslan,561.7588925979793,1.3647812e-06,0.077532135,Passive,Low
Lion_47.wav,Aslan,652.0168113416287,1.0605057e-06,0.12646332,Passive,Low
Lion_48.wav,Aslan,668.2741974608809,1.5706838e-06,0.047072224,Passive,Low
Lion_49.wav,Aslan,561.7588925979793,1.3647812e-06,0.077532135,Passive,Low
Lion_5.wav,Aslan,1413.9217422001643,5.8507496e-05,0.10684407,Passive,Low
Lion_50.wav,Aslan,770.5482064263513,1.1943245e-06,0.0507296,Passive,Low
Lion_6.wav,Aslan,920.1909141447278,0.26060912,0.13013148,Aggressive,High
Lion_7.wav,Aslan,776.9564630386545,1.1003544e-06,0.06401097,Passive,Low
Lion_8.wav,Aslan,941.4631241878393,0.0012777246,0.1670971,Passive,Low
Lion_9.wav,Aslan,776.9564630386545,1.1003544e-06,0.06401097,Passive,Low
Bear_1.wav,Bear,1447.4352613892665,0.00034520513,0.14208207,Passive,Low
Bear_10.wav,Bear,1396.408311927722,2.3349954e-05,0.028173985,Passive,Low
Bear_11.wav,Bear,996.0035940547507,0.00020298395,0.037957817,Passive,Low
Bear_12.wav,Bear,1504.853969948501,1.1470921e-05,0.1311555,Passive,Low
Bear_13.wav,Bear,1249.354523913884,4.96766e-05,0.027672336,Passive,Low
Bear_14.wav,Bear,1170.0879097521993,3.948896e-05,0.022986364,Passive,Low
Bear_15.wav,Bear,1828.5026381236776,5.8832782e-05,0.023791915,Passive,Low
Bear_16.wav,Bear,1659.3528838914433,4.3906603e-05,0.010544229,Passive,Low
Bear_17.wav,Bear,1776.8261064553396,1.4619241e-05,0.011170295,Passive,Low
Bear_18.wav,Bear,1326.4473963825808,0.00011471579,0.029304527,Passive,Low
Bear_19.wav,Bear,1295.6691623508132,0.00010635825,0.022362389,Passive,Low
Bear_2.wav,Bear,1654.1552021870182,2.7525562e-05,0.014925262,Passive,Low
Bear_20.wav,Bear,1591.036355648303,4.5496734e-05,0.025796974,Passive,Low
Bear_21.wav,Bear,1261.1403897190996,1.90986e-05,0.029750574,Passive,Low
Bear_22.wav,Bear,1401.2885711620718,1.7063758e-05,0.035637606,Passive,Low
Bear_23.wav,Bear,794.4899463267708,4.4585663e-06,0.09171497,Passive,Low
Bear_24.wav,Bear,1345.0118507298941,8.916121e-05,0.0239308,Passive,Low
Bear_25.wav,Bear,1471.3533123727495,2.3795814e-05,0.009693786,Passive,Low
Bear_26.wav,Bear,1450.778689645781,6.0278784e-05,0.016833425,Passive,Low
Bear_27.wav,Bear,1554.578552000049,6.75961e-05,0.010413952,Passive,Low
Bear_28.wav,Bear,1572.9135901868924,1.3179158e-05,0.021668281,Passive,Low
Bear_29.wav,Bear,1371.8645298297936,6.329747e-06,0.03257791,Passive,Low
Bear_3.wav,Bear,1476.3581170692632,1.1418024e-05,0.0279039,Passive,Low
Bear_30.wav,Bear,1609.21033929199,5.873703e-05,0.02323522,Passive,Low
Bear_31.wav,Bear,1516.9838314899412,2.553459e-05,0.02087181,Passive,Low
Bear_32.wav,Bear,1413.9539738538645,5.1520357e-05,0.03508084,Passive,Low
Bear_33.wav,Bear,1106.2893948970077,3.3881e-05,0.015959801,Passive,Low
Bear_34.wav,Bear,1717.0465458373944,7.3176445e-05,0.024665162,Passive,Low
Bear_35.wav,Bear,1547.7274239084793,1.1331614e-05,0.013180085,Passive,Low
Bear_36.wav,Bear,1468.1884104617436,3.3200005e-05,0.010576847,Passive,Low
Bear_37.wav,Bear,1459.2036836693803,2.3861821e-05,0.027051857,Passive,Low
Bear_38.wav,Bear,1530.1647754764258,6.741281e-05,0.12391559,Passive,Low
Bear_39.wav,Bear,1219.2244719458492,0.032473695,0.10645049,Passive,Low
Bear_4.wav,Bear,1658.6441411746023,1.4498074e-05,0.029682428,Passive,Low
Bear_40.wav,Bear,924.5426152822951,0.00015438457,0.18205306,Passive,Low
Bear_41.wav,Bear,1111.8906730749543,1.7053215e-05,0.19864757,Passive,Low
Bear_42.wav,Bear,1171.2160464499884,0.12411143,0.06797938,Aggressive,High
Bear_43.wav,Bear,1165.6631522141765,1.4259319e-05,0.09197263,Passive,Low
Bear_44.wav,Bear,924.5426152822951,0.00015438457,0.18205306,Passive,Low
Bear_45.wav,Bear,872.9765794675121,1.3280193e-05,0.0731422,Passive,Low
Bear_46.wav,Bear,1069.798087609359,0.00025041818,0.10537049,Passive,Low
Bear_47.wav,Bear,1072.022940833484,0.00013293016,0.17866458,Passive,Low
Bear_48.wav,Bear,1423.7783560818154,4.4270913e-05,0.016273316,Passive,Low
Bear_49.wav,Bear,1427.2049594456173,4.1347022e-05,0.032349307,Passive,Low
Bear_5.wav,Bear,1507.3404526475654,4.495667e-05,0.036863547,Passive,Low
Bear_50.wav,Bear,1127.8467492559398,1.0992825e-05,0.03615439,Passive,Low
Bear_6.wav,Bear,1567.4456305445406,8.890922e-05,0.023719717,Passive,Low
Bear_7.wav,Bear,1230.4624828647216,5.620718e-06,0.028803967,Passive,Low
Bear_8.wav,Bear,1038.929559897007,5.3776116e-06,0.030044883,Passive,Low
Bear_9.wav,Bear,1606.8263952332818,6.093074e-05,0.034864217,Passive,Low
Cow_1.wav,Cow,1760.5852223791721,0.01828742,0.30968684,Passive,Low
Cow_10.wav,Cow,1314.397348416178,0.000104085746,0.21302539,Passive,Low
Cow_11.wav,Cow,1651.9800811047226,3.946979e-06,0.21795894,Passive,Low
Cow_12.wav,Cow,2348.9945808117836,0.02636424,0.08562569,Passive,Low
Cow_13.wav,Cow,1676.217589053669,0.00017938286,0.27686024,Passive,Low
Cow_14.wav,Cow,1013.2560391644835,0.00011879284,0.20840444,Passive,Low
Cow_15.wav,Cow,1898.0297463342363,0.011169358,0.13479178,Passive,Low
Cow_16.wav,Cow,1189.249450386035,7.3583586e-05,0.116372675,Passive,Low
Cow_17.wav,Cow,2282.9775556716363,0.022198763,0.2974486,Passive,Low
Cow_18.wav,Cow,1684.9684160106679,0.0015176733,0.07245546,Passive,Low
Cow_19.wav,Cow,1066.3203653815806,1.9402914e-05,0.12316682,Passive,Low
Cow_2.wav,Cow,2100.002299889289,0.005920056,0.18909144,Passive,Low
Cow_20.wav,Cow,1108.2344619185433,6.8777714e-05,0.14115061,Passive,Low
Cow_21.wav,Cow,2041.7578584840035,0.017162038,0.41195738,Passive,Low
Cow_22.wav,Cow,1954.78417207784,0.010716835,0.20212117,Passive,Low
Cow_23.wav,Cow,844.043970301673,4.5159086e-07,0.3052104,Passive,Low
Cow_24.wav,Cow,1526.579025742777,8.083681e-06,0.05606821,Passive,Low
Cow_25.wav,Cow,928.1367407311532,3.673253e-06,0.21806425,Passive,Low
Cow_26.wav,Cow,1207.9175344459788,4.515669e-05,0.18294804,Passive,Low
Cow_27.wav,Cow,939.5573495681109,0.002586081,0.34883296,Passive,Low
Cow_28.wav,Cow,1018.7688995539477,3.4380104e-05,0.14371003,Passive,Low
Cow_29.wav,Cow,1605.264507695101,0.0013302641,0.21986309,Passive,Low
Cow_3.wav,Cow,1243.122479972542,2.0635618e-05,0.22113556,Passive,Low
Cow_30.wav,Cow,1332.3012891388248,0.00018224854,0.22203216,Passive,Low
Cow_31.wav,Cow,1388.9621542129878,0.0021373697,0.3222746,Passive,Low
Cow_32.wav,Cow,1139.9916770839634,3.9592833e-06,0.12604262,Passive,Low
Cow_33.wav,Cow,1509.7956591716495,0.0003786191,0.27656913,Passive,Low
Cow_34.wav,Cow,1913.9369072496722,0.01064386,0.16154705,Passive,Low
Cow_35.wav,Cow,1476.4625300624728,1.8341036e-05,0.05045262,Passive,Low
Cow_36.wav,Cow,1080.8932387716027,2.1987209e-05,0.12678349,Passive,Low
Cow_37.wav,Cow,1655.0403933847915,0.00011466041,0.22188404,Passive,Low
Cow_38.wav,Cow,1385.5848131768187,0.0003660205,0.30028737,Passive,Low
Cow_39.wav,Cow,1168.448891365276,0.00065145094,0.3655676,Passive,Low
Cow_4.wav,Cow,1476.4625300624728,1.8341036e-05,0.05045262,Passive,Low
Cow_40.wav,Cow,1329.0856669751988,0.015617373,0.22325197,Passive,Low
Cow_41.wav,Cow,2336.526378167919,0.025624901,0.14871831,Passive,Low
Cow_42.wav,Cow,2336.526378167919,0.025624901,0.14871831,Passive,Low
Cow_43.wav,Cow,2766.172858273206,0.00641871,0.16035295,Passive,Low
Cow_44.wav,Cow,1897.596430114501,0.019138664,0.2417198,Passive,Low
Cow_45.wav,Cow,1238.7790943396117,4.759046e-05,0.09172578,Passive,Low
Cow_46.wav,Cow,1080.8932387716027,2.1987209e-05,0.12678349,Passive,Low
Cow_47.wav,Cow,1077.778795884898,1.2048746e-06,0.2607037,Passive,Low
Cow_48.wav,Cow,1570.7503279272933,0.003307769,0.17794757,Passive,Low
Cow_49.wav,Cow,1098.731968578793,5.035286e-05,0.17137453,Passive,Low
Cow_5.wav,Cow,2307.0672294693913,0.016869051,0.17396767,Passive,Low
Cow_50.wav,Cow,1146.955591135776,5.533756e-05,0.16555525,Passive,Low
Cow_6.wav,Cow,1812.4024220072758,8.584414e-05,0.24083188,Passive,Low
Cow_7.wav,Cow,2173.989720861852,6.763889e-05,0.14138207,Passive,Low
Cow_8.wav,Cow,869.5562290957845,0.00020040348,0.2023067,Passive,Low
Cow_9.wav,Cow,1187.1423479809137,6.2995765e-05,0.16300549,Passive,Low
inek_1.wav,Cow,1760.5852223791721,0.01828742,0.30968684,Passive,Low
inek_10.wav,Cow,2100.002299889289,0.005920056,0.18909144,Passive,Low
inek_11.wav,Cow,1187.1423479809137,6.2995765e-05,0.16300549,Passive,Low
inek_12.wav,Cow,1189.249450386035,7.3583586e-05,0.116372675,Passive,Low
inek_13.wav,Cow,1404.3422627365037,0.048488315,0.12995754,Passive,Low
inek_14.wav,Cow,1139.9916770839634,3.9592833e-06,0.12604262,Passive,Low
inek_15.wav,Cow,1329.0856669751988,0.015617373,0.22325197,Passive,Low
inek_16.wav,Cow,955.7356978595217,0.0698479,0.18545635,Aggressive,High
inek_17.wav,Cow,1080.8932387716027,2.1987209e-05,0.12678349,Passive,Low
inek_18.wav,Cow,2348.9945808117836,0.02636424,0.08562569,Passive,Low
inek_19.wav,Cow,844.043970301673,4.5159086e-07,0.3052104,Passive,Low
inek_2.wav,Cow,1913.9369072496722,0.01064386,0.16154705,Passive,Low
inek_20.wav,Cow,1238.7790943396117,4.759046e-05,0.09172578,Passive,Low
inek_21.wav,Cow,1077.778795884898,1.2048746e-06,0.2607037,Passive,Low
inek_22.wav,Cow,1202.5080108443462,0.010921897,0.1643384,Passive,Low
inek_23.wav,Cow,1570.7503279272933,0.003307769,0.17794757,Passive,Low
inek_24.wav,Cow,1098.731968578793,5.035286e-05,0.17137453,Passive,Low
inek_25.wav,Cow,1146.955591135776,5.533756e-05,0.16555525,Passive,Low
inek_26.wav,Cow,1757.479413245341,0.03173094,0.17537904,Passive,Low
inek_27.wav,Cow,1243.122479972542,2.0635618e-05,0.22113556,Passive,Low
inek_28.wav,Cow,1476.4625300624728,1.8341036e-05,0.05045262,Passive,Low
inek_29.wav,Cow,2307.0672294693913,0.016869051,0.17396767,Passive,Low
inek_3.wav,Cow,1435.7594496763288,0.0028734698,0.090195455,Passive,Low
inek_30.wav,Cow,1212.7580223069792,0.053875305,0.34181646,Aggressive,High
inek_31.wav,Cow,3017.075656704886,0.041206274,0.12648515,Passive,Low
inek_32.wav,Cow,1812.4024220072758,8.584414e-05,0.24083188,Passive,Low
inek_33.wav,Cow,2173.989720861852,6.763889e-05,0.14138207,Passive,Low
inek_34.wav,Cow,869.5562290957845,0.00020040348,0.2023067,Passive,Low
inek_35.wav,Cow,1343.8685647216505,0.05577194,0.3145121,Aggressive,High
inek_36.wav,Cow,1314.397348416178,0.000104085746,0.21302539,Passive,Low
inek_37.wav,Cow,1651.9800811047226,3.946979e-06,0.21795894,Passive,Low
inek_38.wav,Cow,559.9064609643333,1.31364e-05,0.2859981,Passive,Low
inek_39.wav,Cow,1205.2422130048665,0.14634737,0.19640613,Aggressive,High
inek_4.wav,Cow,997.6162380946142,0.007696967,0.106459655,Passive,Low
inek_40.wav,Cow,2355.421650872767,0.024189696,0.32843518,Passive,Low
inek_41.wav,Cow,1676.217589053669,0.00017938286,0.27686024,Passive,Low
inek_42.wav,Cow,1013.2560391644835,0.00011879284,0.20840444,Passive,Low
inek_43.wav,Cow,1733.9820215476727,0.026183318,0.15174636,Passive,Low
inek_44.wav,Cow,1898.0297463342363,0.011169358,0.13479178,Passive,Low
inek_45.wav,Cow,2282.9775556716363,0.022198763,0.2974486,Passive,Low
inek_46.wav,Cow,1684.9684160106679,0.0015176733,0.07245546,Passive,Low
inek_47.wav,Cow,1716.8474392710923,0.04549904,0.18298577,Passive,Low
inek_48.wav,Cow,1066.3203653815806,1.9402914e-05,0.12316682,Passive,Low
inek_49.wav,Cow,1108.2344619185433,6.8777714e-05,0.14115061,Passive,Low
inek_5.wav,Cow,1144.9682662519838,8.433261e-06,0.16432655,Passive,Low
inek_50.wav,Cow,2041.7578584840035,0.017162038,0.41195738,Passive,Low
inek_51.wav,Cow,1954.78417207784,0.010716835,0.20212117,Passive,Low
inek_52.wav,Cow,1526.579025742777,8.083681e-06,0.05606821,Passive,Low
inek_53.wav,Cow,928.1367407311532,3.673253e-06,0.21806425,Passive,Low
inek_54.wav,Cow,1205.3869468386222,0.023789072,0.11561556,Passive,Low
inek_55.wav,Cow,1733.9820215476727,0.026183318,0.15174636,Passive,Low
inek_56.wav,Cow,1207.9175344459788,4.515669e-05,0.18294804,Passive,Low
inek_57.wav,Cow,939.5573495681109,0.002586081,0.34883296,Passive,Low
inek_58.wav,Cow,1757.479413245341,0.03173094,0.17537904,Passive,Low
inek_59.wav,Cow,1018.7688995539477,3.4380104e-05,0.14371003,Passive,Low
inek_6.wav,Cow,1605.264507695101,0.0013302641,0.21986309,Passive,Low
inek_60.wav,Cow,1332.3012891388248,0.00018224854,0.22203216,Passive,Low
inek_61.wav,Cow,1388.9621542129878,0.0021373697,0.3222746,Passive,Low
inek_62.wav,Cow,1246.9778466576083,0.034812532,0.30548677,Passive,Low
inek_63.wav,Cow,1509.7956591716495,0.0003786191,0.27656913,Passive,Low
inek_64.wav,Cow,1553.1197030561145,1.4235448e-05,0.037896987,Passive,Low
inek_65.wav,Cow,1526.579025742777,8.083681e-06,0.05606821,Passive,Low
inek_66.wav,Cow,1476.4625300624728,1.8341036e-05,0.05045262,Passive,Low
inek_67.wav,Cow,1080.8932387716027,2.1987209e-05,0.12678349,Passive,Low
inek_68.wav,Cow,1205.3869468386222,0.023789072,0.11561556,Passive,Low
inek_69.wav,Cow,1127.2413394445794,0.04503884,0.23272395,Passive,Low
inek_7.wav,Cow,1655.0403933847915,0.00011466041,0.22188404,Passive,Low
inek_70.wav,Cow,1385.5848131768187,0.0003660205,0.30028737,Passive,Low
inek_71.wav,Cow,1168.448891365276,0.00065145094,0.3655676,Passive,Low
inek_72.wav,Cow,2336.526378167919,0.025624901,0.14871831,Passive,Low
inek_73.wav,Cow,2336.526378167919,0.025624901,0.14871831,Passive,Low
inek_74.wav,Cow,2766.172858273206,0.00641871,0.16035295,Passive,Low
inek_75.wav,Cow,1526.579025742777,8.083681e-06,0.05606821,Passive,Low
inek_8.wav,Cow,1695.0089391943498,0.004040427,0.10217568,Passive,Low
inek_9.wav,Cow,1897.596430114501,0.019138664,0.2417198,Passive,Low
dog_1.wav,Dog,934.6367417917177,0.00015874676,0.12821193,Passive,Low
dog_10.wav,Dog,1166.8133288729891,1.2434307e-05,0.23248982,Passive,Low
dog_100.wav,Dog,1635.4814454395905,0.0006596154,0.032463156,Passive,Low
dog_101.wav,Dog,1419.9650105828566,9.958297e-05,0.067120135,Passive,Low
dog_102.wav,Dog,890.1767556864758,3.7744077e-05,0.08828028,Passive,Low
dog_103.wav,Dog,1542.955187093433,0.00060353114,0.101749666,Passive,Low
dog_104.wav,Dog,1765.0640511460629,0.00029501098,0.026949765,Passive,Low
dog_105.wav,Dog,1584.897125726969,0.0006273599,0.070910476,Passive,Low
dog_106.wav,Dog,868.0700948050591,4.410877e-05,0.07765721,Passive,Low
dog_107.wav,Dog,2064.525158755852,0.00025825165,0.121969454,Passive,Low
dog_108.wav,Dog,3464.52875185181,0.0008161527,0.041484766,Passive,Low
dog_109.wav,Dog,286.53509808368415,3.5902424e-06,0.13013631,Passive,Low
dog_11.wav,Dog,1480.6983325452925,0.0065927966,0.16601864,Passive,Low
dog_110.wav,Dog,1013.6739983851262,8.2058585e-05,0.026882248,Passive,Low
dog_111.wav,Dog,1148.7325877517476,0.00022794788,0.06850077,Passive,Low
dog_112.wav,Dog,1653.1618710010657,0.00021517891,0.08594146,Passive,Low
dog_113.wav,Dog,1147.4527012429767,0.00032840995,0.02309994,Passive,Low
dog_114.wav,Dog,2097.096335556581,0.027404433,0.045968506,Passive,Low
dog_115.wav,Dog,2484.6960080339036,0.035422973,0.03871404,Passive,Low
dog_117.wav,Dog,1753.7760148192883,0.013752823,0.25914901,Passive,Low
dog_118.wav,Dog,1753.7760148192883,0.013752823,0.25914901,Passive,Low
dog_119.wav,Dog,2169.5200772438043,0.04589292,0.1362373,Passive,Low
dog_12.wav,Dog,1635.4814454395905,0.0006596154,0.032463156,Passive,Low
dog_120.wav,Dog,1100.9339391162948,0.055832323,0.19316454,Aggressive,High
dog_121.wav,Dog,1219.5674218071324,0.00097061467,0.3028562,Passive,Low
dog_122.wav,Dog,1201.0941943542641,5.241692e-05,0.15036008,Passive,Low
dog_123.wav,Dog,1093.3526585666375,0.09399852,0.12986529,Aggressive,High
dog_124.wav,Dog,1640.7288523300833,0.04184637,0.22299315,Passive,Low
dog_125.wav,Dog,1222.410599303053,0.01905658,0.16360807,Passive,Low
dog_126.wav,Dog,1713.7489358593048,0.0027504258,0.26309964,Passive,Low
dog_127.wav,Dog,1106.774859911148,7.4741833e-06,0.1119776,Passive,Low
dog_128.wav,Dog,1114.5519358077797,9.566183e-05,0.12451664,Passive,Low
dog_129.wav,Dog,1177.3071447429297,5.0503833e-05,0.1878601,Passive,Low
dog_13.wav,Dog,1158.4112204302119,8.7185515e-05,0.16319071,Passive,Low
dog_130.wav,Dog,1475.4926511824387,3.9791244e-05,0.12831047,Passive,Low
dog_131.wav,Dog,1325.0335457622314,1.7204586e-05,0.106899746,Passive,Low
dog_132.wav,Dog,791.0090130991572,1.3257026e-05,0.21568868,Passive,Low
dog_133.wav,Dog,1242.4866802863733,2.344812e-05,0.19871318,Passive,Low
dog_136.wav,Dog,1621.6836064015245,0.10886054,0.16985668,Aggressive,High
dog_137.wav,Dog,962.3805251977597,0.0010104058,0.23679209,Passive,Low
dog_138.wav,Dog,1100.9339391162948,0.055832323,0.19316454,Aggressive,High
dog_139.wav,Dog,2017.520091382261,0.0087445825,0.13918905,Passive,Low
dog_14.wav,Dog,1488.392717631329,0.006579484,0.16320513,Passive,Low
dog_140.wav,Dog,1488.392717631329,0.006579484,0.16320513,Passive,Low
dog_141.wav,Dog,1093.3526585666375,0.09399852,0.12986529,Aggressive,High
dog_142.wav,Dog,2119.5395462665933,0.010059691,0.12543958,Passive,Low
dog_143.wav,Dog,1091.8118323035512,9.521306e-06,0.120561436,Passive,Low
dog_144.wav,Dog,989.2528330347967,9.762023e-06,0.04782226,Passive,Low
dog_145.wav,Dog,867.0448156860335,1.5382255e-05,0.08179011,Passive,Low
dog_146.wav,Dog,1563.9191817510366,2.3288352e-05,0.11906433,Passive,Low
dog_147.wav,Dog,2517.5549091148573,0.027105447,0.18060608,Passive,Low
dog_148.wav,Dog,1015.8677695981886,2.8633149e-06,0.13553424,Passive,Low
dog_149.wav,Dog,1603.185090392115,0.0016808076,0.1198582,Passive,Low
dog_15.wav,Dog,2284.5038157920994,0.035726108,0.10670677,Passive,Low
dog_150.wav,Dog,773.9362280225952,2.4258794e-05,0.22216122,Passive,Low
dog_151.wav,Dog,1163.4238040216248,4.394265e-05,0.22447026,Passive,Low
dog_152.wav,Dog,1683.8748927177503,8.068787e-05,0.088045165,Passive,Low
dog_153.wav,Dog,1111.596815479692,0.00015133212,0.15488711,Passive,Low
dog_154.wav,Dog,2333.834390283394,0.0026499992,0.16788362,Passive,Low
dog_155.wav,Dog,1505.4902608429975,0.028873788,0.26991087,Passive,Low
dog_156.wav,Dog,1639.4084295925466,0.03084005,0.31273875,Passive,Low
dog_157.wav,Dog,1549.6191445774375,0.04041976,0.24446888,Passive,Low
dog_158.wav,Dog,1845.075157257678,0.008011031,0.17962503,Passive,Low
dog_159.wav,Dog,1303.5223304268602,3.917406e-05,0.123960376,Passive,Low
dog_16.wav,Dog,2608.6500026043536,0.015959749,0.22782296,Passive,Low
dog_160.wav,Dog,1166.8133288729891,1.2434307e-05,0.23248982,Passive,Low
dog_164.wav,Dog,1480.6983325452925,0.0065927966,0.16601864,Passive,Low
dog_165.wav,Dog,1707.0422115729375,1.562319e-05,0.10868784,Passive,Low
dog_166.wav,Dog,1681.025209145583,0.0617858,0.15490751,Aggressive,High
dog_167.wav,Dog,1158.4112204302119,8.7185515e-05,0.16319071,Passive,Low
dog_168.wav,Dog,1431.3779558757078,0.004148416,0.108689636,Passive,Low
dog_169.wav,Dog,1488.456247371875,0.0050035226,0.08398787,Passive,Low
dog_17.wav,Dog,1558.7340155951501,0.008140574,0.10726645,Passive,Low
dog_170.wav,Dog,1488.392717631329,0.006579484,0.16320513,Passive,Low
dog_171.wav,Dog,1959.8808209286403,0.0066559985,0.154229,Passive,Low
dog_172.wav,Dog,1954.2729393585919,0.090193614,0.096309766,Aggressive,High
dog_173.wav,Dog,1059.5628230278328,5.3384485e-07,0.21648261,Passive,Low
dog_174.wav,Dog,2284.5038157920994,0.035726108,0.10670677,Passive,Low
dog_175.wav,Dog,2608.6500026043536,0.015959749,0.22782296,Passive,Low
dog_176.wav,Dog,1558.7340155951501,0.008140574,0.10726645,Passive,Low
dog_177.wav,Dog,1069.017009978524,0.00027603414,0.24273594,Passive,Low
dog_178.wav,Dog,2200.8073454641485,0.02466974,0.0919643,Passive,Low
dog_179.wav,Dog,2364.8590364417087,0.016665868,0.22500111,Passive,Low
dog_18.wav,Dog,1069.017009978524,0.00027603414,0.24273594,Passive,Low
dog_180.wav,Dog,1832.6378962131387,0.00791547,0.08589195,Passive,Low
dog_181.wav,Dog,1784.854759210443,4.11817e-06,0.13283893,Passive,Low
dog_182.wav,Dog,1265.116245931969,0.0008623935,0.042509343,Passive,Low
dog_183.wav,Dog,1575.1884622844982,0.002149523,0.2082485,Passive,Low
dog_184.wav,Dog,1508.6976171614347,0.0024996772,0.31203675,Passive,Low
dog_185.wav,Dog,3281.826634853943,0.0070959344,0.018215574,Passive,Low
dog_187.wav,Dog,2644.7256337877575,0.041239332,0.053923808,Passive,Low
dog_188.wav,Dog,899.0661966856064,9.491566e-05,0.04690133,Passive,Low
dog_189.wav,Dog,1446.9684850813605,0.0025639832,0.2180658,Passive,Low
dog_19.wav,Dog,2364.8590364417087,0.016665868,0.22500111,Passive,Low
dog_190.wav,Dog,2029.3316471525648,0.014063515,0.24853303,Passive,Low
dog_191.wav,Dog,1102.7498575181687,5.3572814e-05,0.10012708,Passive,Low
dog_192.wav,Dog,1141.4979985578016,3.400784e-07,0.4461112,Passive,Low
dog_194.wav,Dog,1446.9684850813605,0.0025639832,0.2180658,Passive,Low
dog_195.wav,Dog,868.1962355760567,9.809307e-06,0.082561314,Passive,Low
dog_197.wav,Dog,1675.6686400503256,0.00015238032,0.22091915,Passive,Low
dog_198.wav,Dog,1062.9919813114511,1.5642357e-06,0.05778539,Passive,Low
dog_199.wav,Dog,1107.8837258528386,4.6601694e-05,0.10047761,Passive,Low
dog_2.wav,Dog,1475.4926511824387,3.9791244e-05,0.12831047,Passive,Low
dog_20.wav,Dog,3281.826634853943,0.0070959344,0.018215574,Passive,Low
dog_200.wav,Dog,1239.6797316904917,3.134493e-05,0.08611669,Passive,Low
dog_21.wav,Dog,899.0661966856064,9.491566e-05,0.04690133,Passive,Low
dog_22.wav,Dog,2029.3316471525648,0.014063515,0.24853303,Passive,Low
dog_23.wav,Dog,890.1767556864758,3.7744077e-05,0.08828028,Passive,Low
dog_24.wav,Dog,1141.4979985578016,3.400784e-07,0.4461112,Passive,Low
dog_25.wav,Dog,868.1962355760567,9.809307e-06,0.082561314,Passive,Low
dog_26.wav,Dog,1675.6686400503256,0.00015238032,0.22091915,Passive,Low
dog_27.wav,Dog,1062.9919813114511,1.5642357e-06,0.05778539,Passive,Low
dog_28.wav,Dog,1239.6797316904917,3.134493e-05,0.08611669,Passive,Low
dog_29.wav,Dog,1088.378481204135,4.5183562e-05,0.12816077,Passive,Low
dog_3.wav,Dog,1621.6836064015245,0.10886054,0.16985668,Aggressive,High
dog_30.wav,Dog,1016.7633140526337,1.1690805e-05,0.08991709,Passive,Low
dog_31.wav,Dog,996.2956436904966,1.6194961e-05,0.07721164,Passive,Low
dog_32.wav,Dog,908.4469514753695,3.9795405e-06,0.12743188,Passive,Low
dog_33.wav,Dog,1048.6864034569467,7.5573603e-06,0.06803357,Passive,Low
dog_34.wav,Dog,1542.955187093433,0.00060353114,0.101749666,Passive,Low
dog_35.wav,Dog,1054.6629148992804,7.638177e-05,0.0622389,Passive,Low
dog_36.wav,Dog,1118.2205486110379,1.2605444e-05,0.086114936,Passive,Low
dog_37.wav,Dog,1166.6927775614236,2.1021464e-05,0.09590204,Passive,Low
dog_38.wav,Dog,2353.0296774333974,0.001655309,0.14372228,Passive,Low
dog_39.wav,Dog,1123.7788796842115,4.7999085e-05,0.075386494,Passive,Low
dog_4.wav,Dog,1488.392717631329,0.006579484,0.16320513,Passive,Low
dog_40.wav,Dog,1015.7845563860728,2.0839574e-05,0.13008206,Passive,Low
dog_41.wav,Dog,1082.1885855772964,1.5614107e-05,0.09210322,Passive,Low
dog_42.wav,Dog,1186.942637330476,2.1362059e-05,0.09608627,Passive,Low
dog_43.wav,Dog,1094.9838996072212,9.243924e-05,0.24133956,Passive,Low
dog_44.wav,Dog,1324.2918391317164,7.3641786e-05,0.119841486,Passive,Low
dog_45.wav,Dog,1148.7325877517476,0.00022794788,0.06850077,Passive,Low
dog_46.wav,Dog,1399.4850260504772,0.00044878756,0.057113495,Passive,Low
dog_47.wav,Dog,1219.5674218071324,0.00097061467,0.3028562,Passive,Low
dog_48.wav,Dog,1713.7489358593048,0.0027504258,0.26309964,Passive,Low
dog_49.wav,Dog,1114.5519358077797,9.566183e-05,0.12451664,Passive,Low
dog_5.wav,Dog,867.0448156860335,1.5382255e-05,0.08179011,Passive,Low
dog_50.wav,Dog,1177.3071447429297,5.0503833e-05,0.1878601,Passive,Low
dog_51.wav,Dog,824.2014508242751,5.0026083e-06,0.22498538,Passive,Low
dog_52.wav,Dog,908.4469514753695,3.9795405e-06,0.12743188,Passive,Low
dog_53.wav,Dog,800.5551639406283,8.536569e-06,0.11708482,Passive,Low
dog_54.wav,Dog,878.7978838169532,9.775575e-06,0.098747395,Passive,Low
dog_55.wav,Dog,923.905017766958,4.106235e-06,0.086069934,Passive,Low
dog_56.wav,Dog,964.6918979051926,1.1216874e-05,0.115313634,Passive,Low
dog_57.wav,Dog,916.1763428794126,1.685189e-05,0.07548853,Passive,Low
dog_58.wav,Dog,898.2517894490112,4.2666215e-06,0.1062122,Passive,Low
dog_59.wav,Dog,871.0878067918927,4.3047778e-05,0.12431551,Passive,Low
dog_6.wav,Dog,2517.5549091148573,0.027105447,0.18060608,Passive,Low
dog_60.wav,Dog,1048.6864034569467,7.5573603e-06,0.06803357,Passive,Low
dog_61.wav,Dog,914.3643722794521,4.7809626e-06,0.11013941,Passive,Low
dog_62.wav,Dog,891.1378642497658,1.9841686e-06,0.10764838,Passive,Low
dog_63.wav,Dog,1070.7207811560077,1.4516796e-05,0.090715684,Passive,Low
dog_64.wav,Dog,914.2211702388432,4.422632e-06,0.095053695,Passive,Low
dog_65.wav,Dog,906.7489648728535,2.5818035e-06,0.11352151,Passive,Low
dog_66.wav,Dog,966.3572720638284,2.5188576e-05,0.09450391,Passive,Low
dog_67.wav,Dog,810.7094813621744,8.331144e-06,0.110251434,Passive,Low
dog_68.wav,Dog,850.3759602035599,2.4971278e-06,0.2414559,Passive,Low
dog_69.wav,Dog,851.5770603038885,7.1642107e-06,0.0960609,Passive,Low
dog_7.wav,Dog,773.9362280225952,2.4258794e-05,0.22216122,Passive,Low
dog_70.wav,Dog,1015.7381854661007,8.27076e-06,0.06769516,Passive,Low
dog_71.wav,Dog,897.4127639145689,1.9340328e-06,0.14387459,Passive,Low
dog_72.wav,Dog,1110.643280252996,1.2573926e-05,0.08303962,Passive,Low
dog_73.wav,Dog,1054.6629148992804,7.638177e-05,0.0622389,Passive,Low
dog_74.wav,Dog,1118.2205486110379,1.2605444e-05,0.086114936,Passive,Low
dog_75.wav,Dog,1109.599587115764,7.894339e-06,0.11455207,Passive,Low
dog_76.wav,Dog,1166.6927775614236,2.1021464e-05,0.09590204,Passive,Low
dog_77.wav,Dog,1030.371678003861,1.4019288e-05,0.08921751,Passive,Low
dog_78.wav,Dog,874.8123194178869,1.0535688e-05,0.25533512,Passive,Low
dog_79.wav,Dog,973.0661318752569,1.975938e-06,0.29891968,Passive,Low
dog_8.wav,Dog,1163.4238040216248,4.394265e-05,0.22447026,Passive,Low
dog_80.wav,Dog,899.1312260370447,2.1756467e-05,0.12047388,Passive,Low
dog_81.wav,Dog,986.8505722199884,9.915558e-06,0.075350374,Passive,Low
dog_82.wav,Dog,1017.159538010434,6.7359856e-06,0.07519335,Passive,Low
dog_83.wav,Dog,993.3356877763607,6.466781e-06,0.060849823,Passive,Low
dog_84.wav,Dog,1123.7788796842115,4.7999085e-05,0.075386494,Passive,Low
dog_85.wav,Dog,782.9592328988044,1.4314408e-06,0.27137727,Passive,Low
dog_86.wav,Dog,1015.7845563860728,2.0839574e-05,0.13008206,Passive,Low
dog_87.wav,Dog,1082.1885855772964,1.5614107e-05,0.09210322,Passive,Low
dog_88.wav,Dog,1186.942637330476,2.1362059e-05,0.09608627,Passive,Low
dog_89.wav,Dog,1094.9838996072212,9.243924e-05,0.24133956,Passive,Low
dog_9.wav,Dog,1303.5223304268602,3.917406e-05,0.123960376,Passive,Low
dog_90.wav,Dog,1298.0132882710664,0.00047097937,0.049626388,Passive,Low
dog_91.wav,Dog,1418.7898027754904,0.0004218207,0.057180423,Passive,Low
dog_92.wav,Dog,1444.5630707949877,0.0013623629,0.022352587,Passive,Low
dog_93.wav,Dog,1318.6880614939623,0.0008765902,0.02277402,Passive,Low
dog_94.wav,Dog,1865.7710181054663,5.579317e-05,0.11312724,Passive,Low
dog_95.wav,Dog,1399.4850260504772,0.00044878756,0.057113495,Passive,Low
dog_96.wav,Dog,887.7773670948693,8.6132335e-05,0.02683483,Passive,Low
dog_97.wav,Dog,1075.1550134670456,0.00031947758,0.08768915,Passive,Low
dog_98.wav,Dog,1228.071271445781,0.00026551838,0.12437499,Passive,Low
dog_99.wav,Dog,1021.4186394299818,2.1542595e-05,0.18117516,Passive,Low
Donkey_1.wav,Donkey,1747.1875204975624,3.12564e-05,0.022479158,Passive,Low
Donkey_10.wav,Donkey,1807.7747299725631,2.2907383e-05,0.06885382,Passive,Low
Donkey_11.wav,Donkey,1920.8881047549316,2.314084e-06,0.16077936,Passive,Low
Donkey_12.wav,Donkey,2684.9258159902006,4.5149736e-05,0.031530328,Passive,Low
Donkey_13.wav,Donkey,2038.8848698817014,1.7614295e-05,0.26812923,Passive,Low
Donkey_14.wav,Donkey,2038.8848698817014,1.7614295e-05,0.26812923,Passive,Low
Donkey_15.wav,Donkey,1284.3376126752028,0.00015126163,0.19825916,Passive,Low
Donkey_16.wav,Donkey,2587.0522070633956,2.5390102e-05,0.046375472,Passive,Low
Donkey_17.wav,Donkey,1284.3376126752028,0.00015126163,0.19825916,Passive,Low
Donkey_18.wav,Donkey,1350.4201570758974,8.214107e-05,0.24480405,Passive,Low
Donkey_19.wav,Donkey,1345.8939395180198,0.026558923,0.12514651,Passive,Low
Donkey_2.wav,Donkey,1345.8939395180198,0.026558923,0.12514651,Passive,Low
Donkey_20.wav,Donkey,1333.6970822490805,0.00012575858,0.19719103,Passive,Low
Donkey_21.wav,Donkey,1647.4363558868326,0.19841835,0.030076612,Aggressive,High
Donkey_22.wav,Donkey,2038.8848698817014,1.7614295e-05,0.26812923,Passive,Low
Donkey_23.wav,Donkey,1065.9496865167991,0.0001519593,0.19681224,Passive,Low
Donkey_24.wav,Donkey,1591.3053780962093,1.4450987e-05,0.17432198,Passive,Low
Donkey_25.wav,Donkey,1340.2641920443127,7.95407e-05,0.24532732,Passive,Low
Donkey_26.wav,Donkey,1544.3159643500053,0.00011773329,0.15412088,Passive,Low
Donkey_27.wav,Donkey,1065.9496865167991,0.0001519593,0.19681224,Passive,Low
Donkey_28.wav,Donkey,1863.1918628221517,0.0018590101,0.083728455,Passive,Low
Donkey_29.wav,Donkey,1857.8189073148822,0.030004924,0.1618412,Passive,Low
Donkey_3.wav,Donkey,3125.7707104574592,0.046602394,0.15881245,Passive,Low
Donkey_30.wav,Donkey,1373.8219643776183,5.6768768e-05,0.24189875,Passive,Low
Donkey_31.wav,Donkey,1284.3376126752028,0.00015126163,0.19825916,Passive,Low
Donkey_32.wav,Donkey,1190.0265481046156,0.00012860578,0.20128316,Passive,Low
Donkey_33.wav,Donkey,1345.8939395180198,0.026558923,0.12514651,Passive,Low
Donkey_34.wav,Donkey,1340.2641920443127,7.95407e-05,0.24532732,Passive,Low
Donkey_35.wav,Donkey,1124.8532444354726,1.5158256e-05,0.042321026,Passive,Low
Donkey_36.wav,Donkey,1898.4819854438717,0.000108492786,0.25233465,Passive,Low
Donkey_37.wav,Donkey,2329.7793309706517,0.0025183898,0.036010407,Passive,Low
Donkey_38.wav,Donkey,1756.415539703776,0.11352163,0.01995587,Aggressive,Low
Donkey_39.wav,Donkey,1707.4124798375822,1.12466305e-05,0.028978117,Passive,Low
Donkey_4.wav,Donkey,1978.600322181747,5.1522915e-05,0.04280784,Passive,Low
Donkey_40.wav,Donkey,2428.7375024011153,1.1130639e-05,0.04908439,Passive,Low
Donkey_41.wav,Donkey,1788.9222335204502,1.8232839e-05,0.039380904,Passive,Low
Donkey_42.wav,Donkey,2134.8828749176196,3.0336409e-05,0.042714372,Passive,Low
Donkey_43.wav,Donkey,2461.46628820914,2.267764e-05,0.031481206,Passive,Low
Donkey_44.wav,Donkey,2333.780404734947,5.253258e-05,0.039315466,Passive,Low
Donkey_45.wav,Donkey,3125.7707104574592,0.046602394,0.15881245,Passive,Low
Donkey_46.wav,Donkey,2411.3191788987715,2.2183316e-05,0.033210777,Passive,Low
Donkey_47.wav,Donkey,1727.4712069157729,0.0004197892,0.100569256,Passive,Low
Donkey_48.wav,Donkey,2329.6294071552747,0.029693168,0.12014892,Passive,Low
Donkey_49.wav,Donkey,2038.8848698817014,1.7614295e-05,0.26812923,Passive,Low
Donkey_5.wav,Donkey,1686.8448589431537,0.0014857014,0.09866177,Passive,Low
Donkey_50.wav,Donkey,1284.3376126752028,0.00015126163,0.19825916,Passive,Low
Donkey_6.wav,Donkey,1478.9519728593373,0.053115197,0.1253284,Aggressive,High
Donkey_7.wav,Donkey,1280.0961114961362,0.02655009,0.17619835,Passive,Low
Donkey_8.wav,Donkey,1773.5776246192981,6.9450266e-06,0.31526363,Passive,Low
Donkey_9.wav,Donkey,1544.3159643500053,0.00011773329,0.15412088,Passive,Low
esek_1.wav,Donkey,3125.7707104574592,0.046602394,0.15881245,Passive,Low
esek_10.wav,Donkey,1823.1394624619686,0.010325109,0.13916664,Passive,Low
esek_11.wav,Donkey,1338.895616976511,0.031663526,0.18071422,Passive,Low
esek_12.wav,Donkey,1280.0961114961362,0.02655009,0.17619835,Passive,Low
esek_13.wav,Donkey,1544.3159643500053,0.00011773329,0.15412088,Passive,Low
esek_14.wav,Donkey,2270.8261133686256,0.01872347,0.09701682,Passive,Low
esek_15.wav,Donkey,1920.8881047549316,2.314084e-06,0.16077936,Passive,Low
esek_16.wav,Donkey,2038.8848698817014,1.7614295e-05,0.26812923,Passive,Low
esek_17.wav,Donkey,2038.8848698817014,1.7614295e-05,0.26812923,Passive,Low
esek_18.wav,Donkey,1284.3376126752028,0.00015126163,0.19825916,Passive,Low
esek_19.wav,Donkey,1284.3376126752028,0.00015126163,0.19825916,Passive,Low
esek_2.wav,Donkey,1350.4201570758974,8.214107e-05,0.24480405,Passive,Low
esek_20.wav,Donkey,1283.1715922051462,0.03171611,0.18026495,Passive,Low
esek_21.wav,Donkey,1333.6970822490805,0.00012575858,0.19719103,Passive,Low
esek_22.wav,Donkey,2038.8848698817014,1.7614295e-05,0.26812923,Passive,Low
esek_23.wav,Donkey,1591.3053780962093,1.4450987e-05,0.17432198,Passive,Low
esek_24.wav,Donkey,1340.2641920443127,7.95407e-05,0.24532732,Passive,Low
esek_25.wav,Donkey,1544.3159643500053,0.00011773329,0.15412088,Passive,Low
esek_3.wav,Donkey,1065.9496865167991,0.0001519593,0.19681224,Passive,Low
esek_4.wav,Donkey,1787.292520348744,0.03568184,0.23199727,Passive,Low
esek_5.wav,Donkey,1373.8219643776183,5.6768768e-05,0.24189875,Passive,Low
esek_6.wav,Donkey,1284.3376126752028,0.00015126163,0.19825916,Passive,Low
esek_7.wav,Donkey,1190.0265481046156,0.00012860578,0.20128316,Passive,Low
esek_8.wav,Donkey,1283.1715922051462,0.03171611,0.18026495,Passive,Low
esek_9.wav,Donkey,1898.4819854438717,0.000108492786,0.25233465,Passive,Low
Elephant_1.wav,Elephant,1460.2098744747798,3.8433755e-06,0.16936696,Passive,Low
Elephant_10.wav,Elephant,1785.671184447583,0.13264333,0.14455523,Aggressive,High
Elephant_11.wav,Elephant,1630.8443775227006,0.005620758,0.25315946,Passive,Low
Elephant_12.wav,Elephant,1348.1480536509966,0.057840623,0.2359311,Aggressive,High
Elephant_13.wav,Elephant,1785.671184447583,0.13264333,0.14455523,Aggressive,High
Elephant_14.wav,Elephant,3779.509322407181,0.15711994,0.14492007,Aggressive,High
Elephant_15.wav,Elephant,1591.1913591495077,0.004534761,0.2469201,Passive,Low
Elephant_16.wav,Elephant,1631.105755794569,0.005640563,0.25315663,Passive,Low
Elephant_17.wav,Elephant,3424.0667985215155,0.123306476,0.020535544,Aggressive,High
Elephant_18.wav,Elephant,3585.8260007641566,0.104593284,0.039201897,Aggressive,High
Elephant_19.wav,Elephant,2460.1714139517153,3.0159154e-05,0.073576674,Passive,Low
Elephant_2.wav,Elephant,1320.2829115131144,3.230989e-05,0.19512798,Passive,Low
Elephant_20.wav,Elephant,2122.640166545346,2.9028675e-05,0.028845483,Passive,Low
Elephant_21.wav,Elephant,2600.063795616633,0.0012430807,0.18183117,Passive,Low
Elephant_22.wav,Elephant,3186.6024822189183,0.046070248,0.10208939,Passive,Low
Elephant_23.wav,Elephant,1778.5359547147252,1.8102412e-05,0.29472876,Passive,Low
Elephant_24.wav,Elephant,2947.741049952004,1.2437964e-05,0.12265806,Passive,Low
Elephant_25.wav,Elephant,3752.737082526126,0.06962599,0.08427946,Aggressive,High
Elephant_26.wav,Elephant,2928.254544280936,0.03151608,0.07295371,Passive,Low
Elephant_27.wav,Elephant,3518.8812557696087,0.06276523,0.08827875,Aggressive,High
Elephant_28.wav,Elephant,1392.9365680452433,0.057701766,0.16701648,Aggressive,High
Elephant_29.wav,Elephant,2402.0626560818287,0.0024270418,0.12889118,Passive,Low
Elephant_3.wav,Elephant,1618.133486401818,4.1007454e-05,0.29453355,Passive,Low
Elephant_30.wav,Elephant,2606.5762947249123,0.0049692052,0.09703134,Passive,Low
Elephant_31.wav,Elephant,2335.748525010868,9.105005e-06,0.11912131,Passive,Low
Elephant_32.wav,Elephant,2421.170224182658,0.0042567216,0.047524936,Passive,Low
Elephant_33.wav,Elephant,2417.8619592703335,2.0486024e-05,0.091713995,Passive,Low
Elephant_34.wav,Elephant,1416.2663581012353,0.07674885,0.21630739,Aggressive,High
Elephant_35.wav,Elephant,2152.3476251309826,0.034968063,0.19642733,Passive,Low
Elephant_36.wav,Elephant,3132.1110446139696,8.096675e-06,0.14200199,Passive,Low
Elephant_37.wav,Elephant,1384.157762728718,0.00012423069,0.3143678,Passive,Low
Elephant_38.wav,Elephant,1446.9987542665233,2.6037053e-05,0.337983,Passive,Low
Elephant_39.wav,Elephant,804.8825535853754,0.0001488925,0.25074732,Passive,Low
Elephant_4.wav,Elephant,1762.4223942415501,0.025561763,0.19001746,Passive,Low
Elephant_40.wav,Elephant,1392.9365680452433,0.057701766,0.16701648,Aggressive,High
Elephant_41.wav,Elephant,814.7775972836083,0.00013193523,0.2507374,Passive,Low
Elephant_42.wav,Elephant,1411.547037483869,2.8268165e-05,0.31293064,Passive,Low
Elephant_43.wav,Elephant,1685.8950631693624,0.00016497707,0.43025637,Passive,Low
Elephant_44.wav,Elephant,2191.4112477244316,1.3318253e-05,0.088637635,Passive,Low
Elephant_45.wav,Elephant,2078.044460229831,1.8027476e-05,0.14326324,Passive,Low
Elephant_46.wav,Elephant,1168.3065580321183,3.055134e-06,0.09448032,Passive,Low
Elephant_47.wav,Elephant,1309.006621171866,1.4772798e-05,0.20008224,Passive,Low
Elephant_48.wav,Elephant,1346.027174694723,7.545951e-05,0.20024619,Passive,Low
Elephant_49.wav,Elephant,1754.6886175654179,0.0006441857,0.22679581,Passive,Low
Elephant_5.wav,Elephant,1941.191940109051,0.0015337276,0.16462561,Passive,Low
Elephant_50.wav,Elephant,1293.6758435014067,1.786167e-05,0.19689824,Passive,Low
Elephant_6.wav,Elephant,1549.81678198334,0.0005164552,0.13457452,Passive,Low
Elephant_7.wav,Elephant,1785.671184447583,0.13264333,0.14455523,Aggressive,High
Elephant_8.wav,Elephant,2825.828140539303,0.0012687774,0.16191302,Passive,Low
Elephant_9.wav,Elephant,439.3496218276371,1.931154e-05,0.1888615,Passive,Low
Horse_1.wav,Horse,2071.240904437359,0.0013147343,0.12786327,Passive,Low
Horse_10.wav,Horse,2107.538774024439,0.0001820921,0.030484505,Passive,Low
Horse_11.wav,Horse,2555.434441347959,0.00030973463,0.11335051,Passive,Low
Horse_12.wav,Horse,1778.2252482203512,0.00011217148,0.08431765,Passive,Low
Horse_13.wav,Horse,2288.275825253533,0.00027266552,0.047746763,Passive,Low
Horse_14.wav,Horse,2526.3260648821943,0.00014340154,0.07365638,Passive,Low
Horse_15.wav,Horse,2568.286161796495,0.00025489042,0.07758841,Passive,Low
Horse_16.wav,Horse,1545.6719186038995,0.008588454,0.1685458,Passive,Low
Horse_17.wav,Horse,2773.5296519165354,0.00012614095,0.09235744,Passive,Low
Horse_18.wav,Horse,2428.047543372953,0.00012826685,0.057377025,Passive,Low
Horse_19.wav,Horse,2295.1249877630544,5.9301175e-05,0.10131562,Passive,Low
Horse_2.wav,Horse,2644.330045243578,9.705402e-05,0.074846424,Passive,Low
Horse_20.wav,Horse,2244.3833699832476,0.00013315739,0.09509966,Passive,Low
Horse_21.wav,Horse,2566.3263612193796,0.0012971063,0.02690513,Passive,Low
Horse_22.wav,Horse,2426.685861473616,5.519056e-05,0.08399595,Passive,Low
Horse_23.wav,Horse,2910.1637405157794,0.0024783441,0.13354574,Passive,Low
Horse_24.wav,Horse,2717.1321321626056,0.00029280953,0.12712891,Passive,Low
Horse_25.wav,Horse,2642.906032540759,0.00014211041,0.10716586,Passive,Low
Horse_26.wav,Horse,2488.062955634819,0.0016138739,0.018746732,Passive,Low
Horse_27.wav,Horse,1488.257752820422,0.31446886,0.06859995,Aggressive,High
Horse_28.wav,Horse,2365.7210735069793,1.8101617e-05,0.08285938,Passive,Low
Horse_29.wav,Horse,1189.9649973459916,0.5189877,0.043647803,Aggressive,High
Horse_3.wav,Horse,2784.437071915951,0.000113352704,0.13654503,Passive,Low
Horse_30.wav,Horse,1568.6498411317423,0.16547577,0.088936225,Aggressive,High
Horse_31.wav,Horse,2112.7312528629964,0.16907474,0.106750295,Aggressive,High
Horse_32.wav,Horse,2124.2739666270368,0.102033034,0.09014966,Aggressive,High
Horse_33.wav,Horse,3568.393182301977,0.077312864,0.085917704,Aggressive,High
Horse_34.wav,Horse,1696.8405453717546,0.0059111333,0.053799484,Passive,Low
Horse_35.wav,Horse,2182.92453454407,0.0011902987,0.058706798,Passive,Low
Horse_36.wav,Horse,2714.327427714514,4.0860243e-05,0.124778524,Passive,Low
Horse_37.wav,Horse,1470.4194679771733,0.26190373,0.054205496,Aggressive,High
Horse_38.wav,Horse,2191.330986510689,0.0154671,0.13599584,Passive,Low
Horse_39.wav,Horse,2020.5017115510927,0.026723286,0.20172639,Passive,Low
Horse_4.wav,Horse,2220.533592380851,0.0764063,0.15765645,Aggressive,High
Horse_40.wav,Horse,1555.0968369300474,0.0064689047,0.074849114,Passive,Low
Horse_41.wav,Horse,2292.0542622318176,0.021063626,0.17110288,Passive,Low
Horse_42.wav,Horse,3506.483922227839,0.007493613,0.06500297,Passive,Low
Horse_43.wav,Horse,1531.8678168155516,0.23619391,0.06929728,Aggressive,High
Horse_44.wav,Horse,2018.9227703927972,0.000611206,0.048994116,Passive,Low
Horse_45.wav,Horse,2513.3834646478635,0.0009882114,0.09291911,Passive,Low
Horse_46.wav,Horse,2075.5498022173474,0.0018471438,0.061056003,Passive,Low
Horse_47.wav,Horse,2323.5932402876165,1.6713086e-05,0.0973897,Passive,Low
Horse_48.wav,Horse,2690.583656054002,3.789133e-05,0.12386287,Passive,Low
Horse_49.wav,Horse,2331.4806614627933,5.1604075e-06,0.11438095,Passive,Low
Horse_5.wav,Horse,2005.8203103332512,9.211575e-05,0.050010134,Passive,Low
Horse_50.wav,Horse,2792.6913842386466,6.212982e-05,0.11837602,Passive,Low
Horse_6.wav,Horse,2447.920434972358,7.131405e-05,0.09790051,Passive,Low
Horse_7.wav,Horse,2281.611216473676,0.00047138488,0.082317844,Passive,Low
Horse_8.wav,Horse,1773.0241742238366,0.0131530175,0.08242316,Passive,Low
Horse_9.wav,Horse,2424.9045603893182,0.0001957753,0.049422506,Passive,Low
aslan_1.wav,Lion,3166.955500062881,0.06114864,0.055282537,Aggressive,High
aslan_10.wav,Lion,830.3995204471015,2.1952981e-05,0.19314177,Passive,Low
aslan_11.wav,Lion,1033.9819506217225,0.0001104109,0.15658697,Passive,Low
aslan_12.wav,Lion,1025.9737215071598,1.5611387e-06,0.06450587,Passive,Low
aslan_13.wav,Lion,1154.7037870639062,2.2631111e-05,0.06209609,Passive,Low
aslan_14.wav,Lion,770.5482064263513,1.1943245e-06,0.0507296,Passive,Low
aslan_15.wav,Lion,1790.5401502369132,0.011815415,0.19449385,Passive,Low
aslan_16.wav,Lion,668.2741974608809,1.5706838e-06,0.047072224,Passive,Low
aslan_17.wav,Lion,561.7588925979793,1.3647812e-06,0.077532135,Passive,Low
aslan_18.wav,Lion,635.4048258714189,1.6284346e-06,0.07226507,Passive,Low
aslan_19.wav,Lion,1074.8432661633103,0.025494244,0.21578516,Passive,Low
aslan_2.wav,Lion,659.4444918074822,4.22666e-05,0.26301283,Passive,Low
aslan_20.wav,Lion,766.2751396901073,1.0810852e-06,0.07865198,Passive,Low
aslan_21.wav,Lion,652.0168113416287,1.0605057e-06,0.12646332,Passive,Low
aslan_22.wav,Lion,668.2741974608809,1.5706838e-06,0.047072224,Passive,Low
aslan_23.wav,Lion,561.7588925979793,1.3647812e-06,0.077532135,Passive,Low
aslan_24.wav,Lion,770.5482064263513,1.1943245e-06,0.0507296,Passive,Low
aslan_25.wav,Lion,537.4004225436745,1.5321676e-06,0.047641452,Passive,Low
aslan_26.wav,Lion,1113.6906979151336,0.0015431858,0.11490864,Passive,Low
aslan_27.wav,Lion,1413.9217422001643,5.8507496e-05,0.10684407,Passive,Low
aslan_28.wav,Lion,869.8609549688543,0.012061137,0.22010835,Passive,Low
aslan_29.wav,Lion,776.9564630386545,1.1003544e-06,0.06401097,Passive,Low
aslan_3.wav,Lion,941.4631241878393,0.0012777246,0.1670971,Passive,Low
aslan_30.wav,Lion,776.9564630386545,1.1003544e-06,0.06401097,Passive,Low
aslan_31.wav,Lion,850.6771619374641,1.3742417e-06,0.11865739,Passive,Low
aslan_32.wav,Lion,1395.8341482816672,0.0068138144,0.21741132,Passive,Low
aslan_33.wav,Lion,1605.6268620298913,4.081684e-05,0.06984172,Passive,Low
aslan_34.wav,Lion,967.0303097934395,4.592679e-05,0.19556081,Passive,Low
aslan_35.wav,Lion,1605.6268620298913,4.081684e-05,0.06984172,Passive,Low
aslan_36.wav,Lion,1302.9531918812822,1.5485208e-05,0.13354376,Passive,Low
aslan_37.wav,Lion,941.4631241878393,0.0012777246,0.1670971,Passive,Low
aslan_38.wav,Lion,1184.6783067182525,0.0054388116,0.26551446,Passive,Low
aslan_39.wav,Lion,635.4048258714189,1.6284346e-06,0.07226507,Passive,Low
aslan_4.wav,Lion,1214.5849030946083,0.0040201307,0.23737282,Passive,Low
aslan_40.wav,Lion,887.9127233978611,0.00022522359,0.2015394,Passive,Low
aslan_41.wav,Lion,1396.5790599515828,0.00013759364,0.116687626,Passive,Low
aslan_42.wav,Lion,1825.3686882880106,0.018439809,0.0535021,Passive,Low
aslan_43.wav,Lion,2893.5299292757095,0.055155847,0.1558318,Aggressive,High
aslan_44.wav,Lion,1125.6048459761475,0.0030201252,0.20147343,Passive,Low
aslan_45.wav,Lion,1631.2471471976435,5.3513017e-05,0.07065174,Passive,Low
aslan_5.wav,Lion,970.7027692013445,4.86452e-05,0.19828853,Passive,Low
aslan_6.wav,Lion,1049.4592720448989,0.12205602,0.32742777,Aggressive,High
aslan_7.wav,Lion,639.7090971579638,4.314226e-05,0.17828315,Passive,Low
aslan_8.wav,Lion,628.8339386479936,1.4129128e-05,0.1698995,Passive,Low
aslan_9.wav,Lion,1392.1012366833975,3.364685e-05,0.13953844,Passive,Low
maymun_1.wav,Monkey,1857.4048692196188,3.4247394e-05,0.03458798,Passive,Low
maymun_10.wav,Monkey,1493.5775517227237,2.6651554e-05,0.2372189,Passive,Low
maymun_11.wav,Monkey,2577.556729866306,0.03162198,0.05250772,Passive,Low
maymun_12.wav,Monkey,1860.9377702841234,0.00029158816,0.18845922,Passive,Low
maymun_13.wav,Monkey,2742.966899850972,0.03305401,0.1848235,Passive,Low
maymun_14.wav,Monkey,1804.9396538451908,0.06420764,0.19932227,Aggressive,High
maymun_15.wav,Monkey,2125.8365245701607,0.0029798886,0.38914615,Passive,Low
maymun_16.wav,Monkey,1597.8876625159362,0.031332064,0.2706721,Passive,Low
maymun_17.wav,Monkey,2778.3119275086374,0.037501357,0.09613397,Passive,Low
maymun_18.wav,Monkey,1302.7183399102717,0.0011735271,0.12251594,Passive,Low
maymun_19.wav,Monkey,2512.1571944148104,0.045921084,0.07930738,Passive,Low
maymun_2.wav,Monkey,2073.8938619659802,0.0002022109,0.1772572,Passive,Low
maymun_20.wav,Monkey,871.7934786797802,0.0032368319,0.14263776,Passive,Low
maymun_21.wav,Monkey,1816.882550373188,0.02781712,0.22178946,Passive,Low
maymun_22.wav,Monkey,3272.5583064952516,0.038920235,0.020793762,Passive,Low
maymun_23.wav,Monkey,3664.3396009601356,0.025824139,0.461031,Passive,Low
maymun_24.wav,Monkey,1309.373734027181,1.980629e-05,0.061530523,Passive,Low
maymun_25.wav,Monkey,2115.6994399455066,0.00024348083,0.17727762,Passive,Low
maymun_3.wav,Monkey,2311.4670907090417,0.04724797,0.0718025,Passive,Low
maymun_4.wav,Monkey,1309.373734027181,1.980629e-05,0.061530523,Passive,Low
maymun_5.wav,Monkey,2125.776599749745,0.00026532132,0.15192968,Passive,Low
maymun_6.wav,Monkey,1347.5711009768795,1.884349e-06,0.034283426,Passive,Low
maymun_7.wav,Monkey,1560.4528602301743,9.738638e-07,0.055204287,Passive,Low
maymun_8.wav,Monkey,1347.5711009768795,1.884349e-06,0.034283426,Passive,Low
maymun_9.wav,Monkey,1560.4528602301743,9.738638e-07,0.055204287,Passive,Low
Monkey_1.wav,Monkey,3295.7530278866084,0.012920262,0.04417142,Passive,Low
Monkey_10.wav,Monkey,1347.5711009768795,1.884349e-06,0.034283426,Passive,Low
Monkey_11.wav,Monkey,2229.960793587707,0.00011764053,0.23761813,Passive,Low
Monkey_12.wav,Monkey,2512.1571944148104,0.045921084,0.07930738,Passive,Low
Monkey_13.wav,Monkey,3152.4393992189666,0.02551758,0.07587587,Passive,Low
Monkey_14.wav,Monkey,2742.966899850972,0.03305401,0.1848235,Passive,Low
Monkey_15.wav,Monkey,1899.06570741614,0.05479839,0.12617107,Aggressive,High
Monkey_16.wav,Monkey,1560.4528602301743,9.738638e-07,0.055204287,Passive,Low
Monkey_17.wav,Monkey,2125.8365245701607,0.0029798886,0.38914615,Passive,Low
Monkey_18.wav,Monkey,1671.834091726198,0.025442626,0.16950318,Passive,Low
Monkey_19.wav,Monkey,871.7934786797802,0.0032368319,0.14263776,Passive,Low
Monkey_2.wav,Monkey,2742.966899850972,0.03305401,0.1848235,Passive,Low
Monkey_20.wav,Monkey,2778.3119275086374,0.037501357,0.09613397,Passive,Low
Monkey_21.wav,Monkey,2311.4670907090417,0.04724797,0.0718025,Passive,Low
Monkey_22.wav,Monkey,1862.9639215858037,0.022915691,0.1475314,Passive,Low
Monkey_23.wav,Monkey,1493.5775517227237,2.6651554e-05,0.2372189,Passive,Low
Monkey_24.wav,Monkey,3272.5583064952516,0.038920235,0.020793762,Passive,Low
Monkey_25.wav,Monkey,3664.3396009601356,0.025824139,0.461031,Passive,Low
Monkey_26.wav,Monkey,1309.373734027181,1.980629e-05,0.061530523,Passive,Low
Monkey_27.wav,Monkey,2727.574762777631,0.028619187,0.029946934,Passive,Low
Monkey_28.wav,Monkey,1058.5681603787098,4.3393406e-06,0.04492686,Passive,Low
Monkey_29.wav,Monkey,3649.6890124478846,0.010082788,0.047047243,Passive,Low
Monkey_3.wav,Monkey,2116.809812088348,0.0003191737,0.27867723,Passive,Low
Monkey_30.wav,Monkey,3606.2545862692073,0.012799344,0.04250303,Passive,Low
Monkey_31.wav,Monkey,3837.0061936084617,0.030248625,0.042002197,Passive,Low
Monkey_32.wav,Monkey,4060.1524729630096,0.09424094,0.025924359,Aggressive,High
Monkey_33.wav,Monkey,3703.2506587223334,0.0733206,0.024701161,Aggressive,High
Monkey_34.wav,Monkey,1857.4048692196188,3.4247394e-05,0.03458798,Passive,Low
Monkey_35.wav,Monkey,1493.5775517227237,2.6651554e-05,0.2372189,Passive,Low
Monkey_36.wav,Monkey,3703.2506587223334,0.0733206,0.024701161,Aggressive,High
Monkey_37.wav,Monkey,1309.373734027181,1.980629e-05,0.061530523,Passive,Low
Monkey_38.wav,Monkey,2125.776599749745,0.00026532132,0.15192968,Passive,Low
Monkey_39.wav,Monkey,1347.5711009768795,1.884349e-06,0.034283426,Passive,Low
Monkey_4.wav,Monkey,1347.5711009768795,1.884349e-06,0.034283426,Passive,Low
Monkey_40.wav,Monkey,1302.7183399102717,0.0011735271,0.12251594,Passive,Low
Monkey_41.wav,Monkey,1560.4528602301743,9.738638e-07,0.055204287,Passive,Low
Monkey_42.wav,Monkey,1857.4048692196188,3.4247394e-05,0.03458798,Passive,Low
Monkey_43.wav,Monkey,2577.556729866306,0.03162198,0.05250772,Passive,Low
Monkey_44.wav,Monkey,2333.6098703106427,0.1334432,0.010155835,Aggressive,Low
Monkey_45.wav,Monkey,1562.9714633929946,0.0003071879,0.10124038,Passive,Low
Monkey_46.wav,Monkey,3106.3222447495773,0.016176786,0.020862661,Passive,Low
Monkey_47.wav,Monkey,1899.06570741614,0.05479839,0.12617107,Aggressive,High
Monkey_48.wav,Monkey,2125.776599749745,0.00026532132,0.15192968,Passive,Low
Monkey_49.wav,Monkey,1860.9377702841234,0.00029158816,0.18845922,Passive,Low
Monkey_5.wav,Monkey,1862.9639215858037,0.022915691,0.1475314,Passive,Low
Monkey_50.wav,Monkey,1671.834091726198,0.025442626,0.16950318,Passive,Low
Monkey_6.wav,Monkey,871.7934786797802,0.0032368319,0.14263776,Passive,Low
Monkey_7.wav,Monkey,2073.8938619659802,0.0002022109,0.1772572,Passive,Low
Monkey_8.wav,Monkey,2115.6994399455066,0.00024348083,0.17727762,Passive,Low
Monkey_9.wav,Monkey,1560.4528602301743,9.738638e-07,0.055204287,Passive,Low
Sheep_1.wav,Sheep,3057.743212112243,0.030423442,0.23459494,Passive,Low
Sheep_10.wav,Sheep,3664.214401866269,0.038002305,0.17494895,Passive,Low
Sheep_11.wav,Sheep,2079.9352848751237,1.8941495e-05,0.18269838,Passive,Low
Sheep_12.wav,Sheep,2458.5528469541914,1.4223301e-05,0.02882472,Passive,Low
Sheep_13.wav,Sheep,3664.214401866269,0.038002305,0.17494895,Passive,Low
Sheep_14.wav,Sheep,3931.5191967617625,0.094562605,0.13262999,Aggressive,High
Sheep_15.wav,Sheep,2092.7684338932854,0.00022275129,0.16847193,Passive,Low
Sheep_16.wav,Sheep,2697.8584305022355,0.0066654407,0.06614745,Passive,Low
Sheep_17.wav,Sheep,2359.305099222624,0.0027671726,0.11708523,Passive,Low
Sheep_18.wav,Sheep,1074.410579427994,2.524522e-06,0.05856335,Passive,Low
Sheep_19.wav,Sheep,1338.9572650687408,0.00042501063,0.034848273,Passive,Low
Sheep_2.wav,Sheep,1427.2094039281183,9.77875e-06,0.066143915,Passive,Low
Sheep_20.wav,Sheep,1363.0722069203769,9.279863e-06,0.18043727,Passive,Low
Sheep_21.wav,Sheep,2868.448880956248,0.07053101,0.04455811,Aggressive,High
Sheep_22.wav,Sheep,1074.410579427994,2.524522e-06,0.05856335,Passive,Low
Sheep_23.wav,Sheep,3220.22906811797,0.0002164385,0.10501622,Passive,Low
Sheep_24.wav,Sheep,3291.986508137532,0.004590643,0.17129242,Passive,Low
Sheep_25.wav,Sheep,3730.520437888584,0.03848662,0.1143904,Passive,Low
Sheep_26.wav,Sheep,3483.6886286548147,0.06808493,0.087930106,Aggressive,High
Sheep_27.wav,Sheep,3428.799897920589,0.053011525,0.041192282,Aggressive,High
Sheep_28.wav,Sheep,1391.9573643354647,5.287307e-06,0.24315748,Passive,Low
Sheep_29.wav,Sheep,3339.3530910035847,0.026262334,0.05055353,Passive,Low
Sheep_3.wav,Sheep,2205.7884005118003,6.486571e-06,0.21447293,Passive,Low
Sheep_30.wav,Sheep,3230.850186495835,0.02039892,0.14467095,Passive,Low
Sheep_31.wav,Sheep,3294.1485948567456,0.040183708,0.099077836,Passive,Low
Sheep_32.wav,Sheep,3191.84220141436,0.03802019,0.18303998,Passive,Low
Sheep_33.wav,Sheep,3664.214401866269,0.038002305,0.17494895,Passive,Low
Sheep_34.wav,Sheep,2526.066558490717,2.4604217e-06,0.25133535,Passive,Low
Sheep_35.wav,Sheep,1727.3820626048944,0.000114069495,0.14909671,Passive,Low
Sheep_36.wav,Sheep,2864.1226060204044,0.007738178,0.23617369,Passive,Low
Sheep_37.wav,Sheep,2208.3043646428805,0.021681665,0.04783915,Passive,Low
Sheep_38.wav,Sheep,1434.8533475567394,0.0024660898,0.068112165,Passive,Low
Sheep_39.wav,Sheep,1609.8122365203703,2.5204085e-05,0.20013693,Passive,Low
Sheep_4.wav,Sheep,2320.355429586183,3.497881e-05,0.05609049,Passive,Low
Sheep_40.wav,Sheep,2565.2972741068897,0.019660631,0.20574541,Passive,Low
Sheep_41.wav,Sheep,1482.3766809474744,0.0002908556,0.1544736,Passive,Low
Sheep_42.wav,Sheep,2087.5238471567627,0.0133639155,0.0886252,Passive,Low
Sheep_43.wav,Sheep,2320.355429586183,3.497881e-05,0.05609049,Passive,Low
Sheep_44.wav,Sheep,2935.9251119276773,0.031483237,0.14746895,Passive,Low
Sheep_45.wav,Sheep,3191.84220141436,0.03802019,0.18303998,Passive,Low
Sheep_46.wav,Sheep,1732.1404469720242,3.9963037e-05,0.10747396,Passive,Low
Sheep_47.wav,Sheep,3191.84220141436,0.03802019,0.18303998,Passive,Low
Sheep_48.wav,Sheep,1726.3412264738179,4.8224454e-05,0.49893755,Passive,Low
Sheep_49.wav,Sheep,2901.1771373359447,0.00017777426,0.12023212,Passive,Low
Sheep_5.wav,Sheep,1787.3986401534767,3.630583e-05,0.61233044,Passive,Low
Sheep_50.wav,Sheep,1963.4073181080737,2.0205869e-06,0.0610985,Passive,Low
Sheep_6.wav,Sheep,1978.2736545945875,3.2357373e-05,0.17119381,Passive,Low
Sheep_7.wav,Sheep,2321.3006145817376,0.021038877,0.13498215,Passive,Low
Sheep_8.wav,Sheep,2079.9352848751237,1.8941495e-05,0.18269838,Passive,Low
Sheep_9.wav,Sheep,1774.8301268094492,5.4401742e-05,0.21723777,Passive,Low
